[
  {
    "name": "error_page_404",
    "status": "PASS",
    "metrics": {
      "http_status": 404,
      "found_hint": "404",
      "content_length": 84191
    },
    "samples": {
      "url_tested": "https://delante.pl/nonexistent-seo-audit-check-404-page",
      "title": "Page not found | Agencja SEO / SEM: Delante"
    },
    "fix_hint": "Upewnij się, że strona 404 ma własny layout, treść i komunikat dla użytkownika (np. 'Strona nie została znaleziona')."
  },
  {
    "name": "footer_year",
    "status": "PASS",
    "metrics": {
      "now_year": 2025,
      "unique_years_found": [
        2025
      ],
      "ranges_found": [],
      "has_js_getFullYear": false,
      "reason": "znaleziono aktualny rok"
    },
    "samples": {
      "contexts": []
    },
    "fix_hint": "Upewnij się, że w stopce wyświetla się aktualny rok (np. © 2016–{YYYY}). Możesz użyć JS: new Date().getFullYear() lub po stronie serwera (np. w szablonie)."
  }
]