[
  {
    "name": "meta_tags_coverage",
    "status": "FAIL",
    "metrics": {
      "pages_scanned": 50,
      "missing_title": 0,
      "missing_description": 21
    },
    "samples": {
      "missing_title": [],
      "missing_description": [
        "https://delante.pl/15-krokow-do-idealnej-swiatecznej-kampanii-google-ads/",
        "https://delante.pl/o-linkowniu-wiem-juz-wszystko/",
        "https://delante.pl/linkowanie-teraz-chce-czegos-innego/",
        "https://delante.pl/jestes-na-dobrej-drodze-do-poznania-wszystkich-tajnikow-seo/",
        "https://delante.pl/dziekujemy-za-zapis-webinar-search-intent/",
        "https://delante.pl/uslugi/",
        "https://delante.pl/google-update-checker/",
        "https://delante.pl/mapa-strony/",
        "https://delante.pl/przygotuj-sie-na-wejscie-w-zyciu-europejskiego-aktu-o-dostepnosci-z-delante/",
        "https://delante.pl/generator-przekierowan-301-dla-htaccess/"
      ]
    },
    "fix_hint": "Uzupełnij brakujące tytuły i meta description; w sklepach użyj szablonów wtyczki SEO."
  },
  {
    "name": "headings_h1",
    "status": "PASS",
    "metrics": {
      "checked_pages": 50,
      "too_many_h1": 0,
      "hidden_h1_pages": 0
    },
    "samples": {
      "too_many_h1": [],
      "hidden_h1_pages": []
    },
    "fix_hint": "Na każdej stronie powinien być dokładnie jeden widoczny H1."
  },
  {
    "name": "canonical_self_reference",
    "status": "PASS",
    "metrics": {
      "checked_pages": 50,
      "missing": 0,
      "mismatch": 0
    },
    "samples": {
      "missing": [],
      "mismatch": []
    },
    "fix_hint": "Ustaw self-referencing canonical na każdej unikalnej stronie. Unikaj kanoników wskazujących na inną wersję URL."
  },
  {
    "name": "redirects_core",
    "status": "PASS",
    "metrics": {
      "checked": 3,
      "errors": 0,
      "chains_gt1": 0,
      "non_200_final": 0
    },
    "samples": {
      "details": [
        {
          "start": "https://delante.pl",
          "final": "https://delante.pl/",
          "hops": 0,
          "history": [],
          "final_code": 200
        },
        {
          "start": "http://delante.pl",
          "final": "https://delante.pl/",
          "hops": 1,
          "history": [
            {
              "status": 301,
              "url": "https://delante.pl/"
            }
          ],
          "final_code": 200
        },
        {
          "start": "https://www.delante.pl",
          "final": "https://delante.pl/",
          "hops": 1,
          "history": [
            {
              "status": 301,
              "url": "https://delante.pl/"
            }
          ],
          "final_code": 200
        }
      ]
    },
    "fix_hint": "Unikaj łańcuchów >1 hop; doprowadź do 301 → 200 w jednym skoku; strony kluczowe muszą kończyć na 200."
  },
  {
    "name": "trailing_slash_consistency",
    "status": "PASS",
    "metrics": {
      "no_slash": "https://delante.pl/kontakt",
      "no_slash_final": "https://delante.pl/kontakt/",
      "slash_final": "https://delante.pl/kontakt/"
    },
    "samples": {},
    "fix_hint": "Wymuś spójność (301) między wersją z i bez ukośnika, aby uniknąć duplikacji."
  },
  {
    "name": "breadcrumbs_presence",
    "status": "PASS",
    "metrics": {
      "html": false,
      "jsonld": true
    },
    "samples": {},
    "fix_hint": "Dodaj breadcrumbs (HTML i/lub JSON-LD `BreadcrumbList`) dla lepszej nawigacji i rich results."
  },
  {
    "name": "images_weight_webp",
    "status": "FAIL",
    "metrics": {
      "checked_imgs": 30,
      "has_webp": false,
      "largest_bytes": [
        {
          "url": "https://delante.pl/wp-content/uploads/2023/02/GDEA22-Finalist-Badge1.png",
          "bytes": 228103,
          "content_type": "image/png"
        },
        {
          "url": "https://delante.pl/wp-content/uploads/2022/09/eueca22-finalist-badge.png",
          "bytes": 218546,
          "content_type": "image/png"
        },
        {
          "url": "https://delante.pl/wp-content/uploads/2023/06/GSA23_Finalist1-2048x645-1.png",
          "bytes": 189707,
          "content_type": "image/png"
        },
        {
          "url": "https://delante.pl/wp-content/uploads/2024/06/ESA24-Finalist-Badge1.png",
          "bytes": 151915,
          "content_type": "image/png"
        },
        {
          "url": "https://delante.pl/wp-content/uploads/2024/06/GSA24-Finalist-Badge1.png",
          "bytes": 129634,
          "content_type": "image/png"
        }
      ]
    },
    "samples": {
      "too_big_top": []
    },
    "fix_hint": "Konwertuj do WebP/AVIF i zmniejsz największe grafiki (>500KB)."
  },
  {
    "name": "schema_pages",
    "status": "PASS",
    "metrics": {
      "checked_pages": 4,
      "home_has_schema": true,
      "pages_with_schema": 4,
      "errors": 0
    },
    "samples": {
      "pages_with_schema": [
        "https://delante.pl/",
        "https://delante.pl/kontakt/",
        "https://delante.pl/blog/",
        "https://delante.pl/jak-laczyc-talenty-gallupa-w-zespole/"
      ],
      "per_page_types": {
        "https://delante.pl/": {
          "error": null,
          "types": [
            "BreadcrumbList",
            "Organization"
          ]
        },
        "https://delante.pl/kontakt/": {
          "error": null,
          "types": [
            "BreadcrumbList",
            "Organization"
          ]
        },
        "https://delante.pl/blog/": {
          "error": null,
          "types": [
            "BreadcrumbList",
            "Organization"
          ]
        },
        "https://delante.pl/jak-laczyc-talenty-gallupa-w-zespole/": {
          "error": null,
          "types": [
            "Article",
            "BreadcrumbList",
            "Organization"
          ]
        }
      }
    },
    "fix_hint": "Na stronie głównej dodaj dane strukturalne (np. Organization, Website). Na podstronach rozważ: BreadcrumbList, Article/BlogPosting, Product, FAQPage."
  },
  {
    "name": "blogpost_headings",
    "status": "PASS",
    "metrics": {
      "headings_found": 26,
      "errors_count": 0
    },
    "samples": {
      "headings": [
        "H1: Jak łączyć talenty Gallupa w zespole?",
        "H2: Gdy talenty siędopełniają",
        "H2: Gdy talenty sięścierają",
        "H2: Trójkąty, które tworządynamikę",
        "H2: Gdy jedna domenadominuje…",
        "H2: Co to oznacza dla zespołów?",
        "H2: Na koniec",
        "H2: Przeczytaj innepodobne posty",
        "H3: 10 cech dobrego SEOwca czyli check-lista Specjalisty SEO",
        "H3: Pokolenie Z na rynku pracy – czym się charakteryzuje i czego oczekuje?",
        "H3: Jak komunikować się z klientem? Zdradzamy, jak to robimy w Delante",
        "H4: Zapraszamy do współpracy",
        "H5: Gosia Kwiecień",
        "H5: Gosia Kwiecień",
        "H5: Mapa strony",
        "H5: Usługi SEO",
        "H5: Usługi SEM",
        "H5: Ostatnio na naszym blogu",
        "H5: Polska",
        "H5: USA"
      ],
      "errors": []
    },
    "fix_hint": "Utrzymuj logiczną strukturę nagłówków (H1 → H2 → H3…). Unikaj przeskoków poziomów."
  },
  {
    "name": "home_paragraphs",
    "status": "PASS",
    "metrics": {
      "paragraphs": 53,
      "total_words": 993,
      "avg_words_per_paragraph": 18.74,
      "median_words_per_paragraph": 16,
      "min_words": 1,
      "max_words": 65,
      "short_paragraphs_lt_threshold": 29,
      "long_paragraphs_ge_threshold": 0,
      "short_threshold": 20,
      "long_threshold": 120
    },
    "samples": {
      "shortest": [
        "1w: ",
        "1w: 4.9",
        "1w: Odkryj najnowsze triki, case studies i strategie od ekspertów digital marketingu!",
        "1w: W Delante kierujemy się głównie dwiema wartościami. Pierwsza z nich to przekonanie, że dzi…",
        "2w: Grzegorz Hałat"
      ],
      "longest": [
        "65w: Procesy dostosowane do naszych potrzeb i branży, adekwatne rekomendacje developerskie a pr…",
        "59w: W trakcie naszej wspólnej podróży agencja Delante wykraczało poza to, co było możliwe, two…",
        "56w: Konrad Kargol",
        "47w: Zwiększanie widoczności w Google to coś, na czym znamy się najlepiej. Skupiamy się na jedn…",
        "45w: Coo & Co-founder w uPacjenta"
      ]
    },
    "fix_hint": "To tylko statystyki długości akapitów na stronie głównej. Użyj ich, aby zdecydować, czy dołożyć/skrótcić treść."
  },
  {
    "name": "clickable_elements",
    "status": "PASS",
    "metrics": {
      "checked_pages": 2,
      "tel_links": 4,
      "mailto_links": 0,
      "errors": 0
    },
    "samples": {
      "tel": [
        {
          "url": "https://delante.pl/",
          "href": "tel:+48122002010"
        },
        {
          "url": "https://delante.pl/",
          "href": "tel:+48122002010"
        },
        {
          "url": "https://delante.pl/contact/",
          "href": "tel:+48122002010"
        },
        {
          "url": "https://delante.pl/contact/",
          "href": "tel:+48122002010"
        }
      ],
      "mailto": [],
      "errors": []
    },
    "fix_hint": "Upewnij się, że numer telefonu i adres e-mail są podane jako klikalne linki (`tel:` / `mailto:`)."
  },
  {
    "name": "nofollow_policy_links",
    "status": "FAIL",
    "metrics": {
      "candidates": 15,
      "compliant": 6,
      "noncompliant": 9,
      "errors": 0
    },
    "samples": {
      "noncompliant": [
        {
          "href": "https://delante.pl/facebook-ads/",
          "text": "Facebook / Meta Ads",
          "rel": ""
        },
        {
          "href": "/pinterest-ads/",
          "text": "Pinterest Ads",
          "rel": ""
        },
        {
          "href": "/tiktok-ads/",
          "text": "TikTok Ads",
          "rel": ""
        },
        {
          "href": "/linkedin-ads/",
          "text": "LinkedIn Ads",
          "rel": ""
        },
        {
          "href": "https://delante.pl/facebook-ads/",
          "text": "Facebook (Meta) Ads",
          "rel": ""
        },
        {
          "href": "https://delante.pl/polityka-prywatnosci/",
          "text": "polityką prywatności.",
          "rel": ""
        },
        {
          "href": "https://delante.pl/polityka-prywatnosci/",
          "text": "Politykę prywatności",
          "rel": ""
        },
        {
          "href": "https://delante.pl/polityka-prywatnosci/",
          "text": "Polityka prywatności",
          "rel": "privacy-policy"
        },
        {
          "href": "https://delante.pl/facebook-ads/",
          "text": "Facebook (Meta) Ads",
          "rel": ""
        }
      ],
      "compliant": [
        {
          "href": "https://policies.google.com/privacy",
          "text": "Privacy Policy",
          "rel": "nofollow"
        },
        {
          "href": "https://policies.google.com/terms",
          "text": "Terms of Service",
          "rel": "nofollow"
        },
        {
          "href": "https://www.facebook.com/delantepl",
          "text": "",
          "rel": "nofollow"
        },
        {
          "href": "https://www.instagram.com/delante.agency/",
          "text": "",
          "rel": "nofollow"
        },
        {
          "href": "https://www.linkedin.com/company/delante-online-marketing",
          "text": "",
          "rel": "nofollow"
        },
        {
          "href": "https://www.youtube.com/@delantePL",
          "text": "",
          "rel": "nofollow"
        }
      ],
      "preview": [
        {
          "href": "https://delante.pl/facebook-ads/",
          "text": "Facebook / Meta Ads",
          "rel": ""
        },
        {
          "href": "/pinterest-ads/",
          "text": "Pinterest Ads",
          "rel": ""
        },
        {
          "href": "/tiktok-ads/",
          "text": "TikTok Ads",
          "rel": ""
        },
        {
          "href": "/linkedin-ads/",
          "text": "LinkedIn Ads",
          "rel": ""
        },
        {
          "href": "https://delante.pl/facebook-ads/",
          "text": "Facebook (Meta) Ads",
          "rel": ""
        },
        {
          "href": "https://delante.pl/polityka-prywatnosci/",
          "text": "polityką prywatności.",
          "rel": ""
        },
        {
          "href": "https://delante.pl/polityka-prywatnosci/",
          "text": "Politykę prywatności",
          "rel": ""
        },
        {
          "href": "https://delante.pl/polityka-prywatnosci/",
          "text": "Polityka prywatności",
          "rel": "privacy-policy"
        },
        {
          "href": "https://delante.pl/facebook-ads/",
          "text": "Facebook (Meta) Ads",
          "rel": ""
        },
        {
          "href": "https://policies.google.com/privacy",
          "text": "Privacy Policy",
          "rel": "nofollow"
        }
      ],
      "errors": []
    },
    "fix_hint": "Dodaj `rel=\"nofollow\"` dla linków zawierających słowa: regulamin, polityka, moje konto, moje-konto, konto, koszyk, cart, logowanie, zaloguj, rejestracja, Privacy Policy, Terms of Service, Terms and Conditions, facebook, instagram, linkedin, twitter, youtube, tiktok, pinterest"
  },
  {
    "name": "blog_author",
    "status": "PASS",
    "metrics": {
      "authors_found": 2
    },
    "samples": {
      "authors": [
        "Autor Autor Gosia Kwiecień Head of SEO Gosia zarządza największym zespołem w Delante. Zespołem SEO. Dba, aby procesy przebiegały płynnie, terminowo, a specjaliści osiągali cele biznesowe dla naszych klientów, a także o to, by doświadczenie każdej osoby z zespołu SEO było wartościowe. W Delante jest praktycznie od samego początku.",
        "Gosia Kwiecień"
      ],
      "checked_url": "https://delante.pl/jak-laczyc-talenty-gallupa-w-zespole/"
    },
    "fix_hint": "Dodaj informację o autorze: meta[name=author], widoczną sekcję z autorem, oraz/lub JSON-LD (Article/BlogPosting z polem author.name)."
  },
  {
    "name": "alt_tags",
    "status": "PASS",
    "metrics": {
      "checked_url": "https://delante.pl/jak-laczyc-talenty-gallupa-w-zespole/",
      "page_type": "blogpost",
      "images_found": 66,
      "skipped_noise": 55,
      "missing_alt": 0,
      "empty_alt_non_decorative": 0,
      "auto_alt_like": 0
    },
    "samples": {
      "missing_alt": [],
      "empty_alt_non_decorative": [],
      "auto_alt_like": []
    },
    "fix_hint": "Dla obrazów treściowych dodaj opisowe `alt`. `alt=\"\"` tylko dla dekoracyjnych (role=presentation/none, aria-hidden=true). Unikaj altów typu nazwa pliku/IMG_1234."
  },
  {
    "name": "pagination_title",
    "status": "PASS",
    "metrics": {
      "checked_url": "https://delante.pl/blog/page/2/",
      "page_type": "blog",
      "title_found": "Blog o SEO i SEM - Strona 2 z 98 | Agencja SEO / SEM: Delante",
      "has_number": true
    },
    "samples": {
      "title": "Blog o SEO i SEM - Strona 2 z 98 | Agencja SEO / SEM: Delante"
    },
    "fix_hint": "Upewnij się, że w <title> stron paginacyjnych pojawia się numer strony (np. 'Strona 2 z 10')."
  },
  {
    "name": "lang_dir_in_url",
    "status": "PASS",
    "metrics": {
      "links_checked": 200,
      "with_lang_dir": 0
    },
    "samples": {
      "with_lang_dir": []
    },
    "fix_hint": "Usuń katalogi językowe z URL-i (np. /pl/, /en/). Zamiast tego użyj subdomen (pl.example.com) lub hreflang w head."
  },
  {
    "name": "blogpost_rating",
    "status": "PASS",
    "metrics": {
      "has_schema": false,
      "has_ui": true,
      "jsonld_count": 0,
      "microdata_rdfa_count": 0,
      "ui_hints": 11,
      "checked_url": "https://delante.pl/jak-laczyc-talenty-gallupa-w-zespole/"
    },
    "samples": {
      "jsonld": [],
      "microdata_rdfa": [],
      "ui": [
        {
          "hint": "post-ratings",
          "text": "(ilość głosów: 5 , średnia: 5,00 na 5)"
        },
        {
          "hint": "post-ratings",
          "text": ""
        },
        {
          "hint": "post-ratings",
          "text": "Ładowanie..."
        },
        {
          "hint": "rating",
          "text": "(ilość głosów: 5 , średnia: 5,00 na 5)"
        },
        {
          "hint": "rating",
          "text": ""
        },
        {
          "hint": "rating",
          "text": "Ładowanie..."
        },
        {
          "hint": "ratings",
          "text": "(ilość głosów: 5 , średnia: 5,00 na 5)"
        },
        {
          "hint": "ratings",
          "text": ""
        },
        {
          "hint": "ratings",
          "text": "Ładowanie..."
        },
        {
          "hint": "stars",
          "text": "(ilość głosów: 5 , średnia: 5,00 na 5) Ładowanie..."
        }
      ]
    },
    "fix_hint": "Dodaj system ocen (widget gwiazdkowy + dane strukturalne AggregateRating). Przykład JSON‑LD: Article/BlogPosting z polem aggregateRating { ratingValue, ratingCount }."
  },
  {
    "name": "psi",
    "status": "WARN",
    "metrics": {
      "strategies_checked": [
        "mobile",
        "desktop"
      ],
      "errors": {},
      "mobile_performance": 0.36,
      "desktop_performance": 0.7
    },
    "samples": {
      "mobile": {
        "scores": {
          "performance": 0.36,
          "accessibility": null,
          "best_practices": null,
          "seo": null
        },
        "cwv_field": {
          "lcp": {
            "category": "FAST",
            "p75": 1885,
            "distributions": [
              {
                "min": 0,
                "max": 2500,
                "proportion": 0.8581
              },
              {
                "min": 2500,
                "max": 4000,
                "proportion": 0.0903
              },
              {
                "min": 4000,
                "proportion": 0.0517
              }
            ]
          },
          "inp": {
            "category": "AVERAGE",
            "p75": 339,
            "distributions": [
              {
                "min": 0,
                "max": 200,
                "proportion": 0.4616
              },
              {
                "min": 200,
                "max": 500,
                "proportion": 0.4298
              },
              {
                "min": 500,
                "proportion": 0.1086
              }
            ]
          },
          "cls": {
            "category": "FAST",
            "p75": 0,
            "distributions": [
              {
                "min": 0,
                "max": 10,
                "proportion": 0.8877
              },
              {
                "min": 10,
                "max": 25,
                "proportion": 0.0924
              },
              {
                "min": 25,
                "proportion": 0.0199
              }
            ]
          }
        },
        "lab": {
          "lcp_ms": 10439.56111931409,
          "inp_ms": 19086.559767409468,
          "tbt_ms": 1031.500000000001,
          "cls": 0,
          "si_ms": 7477.26909028068,
          "fcp_ms": 5144.02490921428
        },
        "status": "WARN"
      },
      "desktop": {
        "scores": {
          "performance": 0.7,
          "accessibility": null,
          "best_practices": null,
          "seo": null
        },
        "cwv_field": {
          "lcp": {
            "category": "FAST",
            "p75": 1429,
            "distributions": [
              {
                "min": 0,
                "max": 2500,
                "proportion": 0.9267
              },
              {
                "min": 2500,
                "max": 4000,
                "proportion": 0.0618
              },
              {
                "min": 4000,
                "proportion": 0.0115
              }
            ]
          },
          "inp": {
            "category": "FAST",
            "p75": 116,
            "distributions": [
              {
                "min": 0,
                "max": 200,
                "proportion": 0.9134
              },
              {
                "min": 200,
                "max": 500,
                "proportion": 0.0727
              },
              {
                "min": 500,
                "proportion": 0.0139
              }
            ]
          },
          "cls": {
            "category": "FAST",
            "p75": 6,
            "distributions": [
              {
                "min": 0,
                "max": 10,
                "proportion": 0.8229
              },
              {
                "min": 10,
                "max": 25,
                "proportion": 0.1161
              },
              {
                "min": 25,
                "proportion": 0.061
              }
            ]
          }
        },
        "lab": {
          "lcp_ms": 1436.024095244201,
          "inp_ms": 4602.650443660681,
          "tbt_ms": 500.8422545836579,
          "cls": 0.0112343924549847,
          "si_ms": 1985.2180310802773,
          "fcp_ms": 811.1013851558248
        },
        "status": "WARN"
      }
    },
    "fix_hint": "Skup się na CWV: LCP (≤2.5s), INP (≤200ms), CLS (≤0.1). Użyj lazy-loading, optymalizacji obrazów (WebP/AVIF), preconnect, i eliminuj JS blokujący render."
  },
  {
    "name": "webp",
    "status": "WARN",
    "metrics": {
      "images_total": 245,
      "webp_count": 1,
      "non_webp_count": 244
    },
    "samples": {
      "webp_imgs": [
        "https://delante.pl/wp-content/uploads/2024/08/Ailleron.webp"
      ],
      "non_webp_imgs": [
        "https://delante.pl/wp-content/uploads/2024/12/cropped-delante-logo-branding.png",
        "https://delante.pl/wp-content/uploads/flags/pl.svg",
        "https://delante.pl/wp-content/uploads/flags/um.svg",
        "data:image/svg+xml,%3Csvg%20xmlns='http://www.w3.org/2000/svg'%20viewBox='0%200%200%200'%3E%3C/svg%3E",
        "https://delante.pl/wp-content/themes/delante/dist/images/d-1.svg",
        "https://delante.pl/wp-content/uploads/2025/01/seo-sem-agencja-delante-hero.jpg",
        "data:image/svg+xml,%3Csvg%20xmlns='http://www.w3.org/2000/svg'%20viewBox='0%200%200%200'%3E%3C/svg%3E",
        "https://delante.pl/wp-content/themes/delante/dist/images/d-2.svg",
        "data:image/svg+xml,%3Csvg%20xmlns='http://www.w3.org/2000/svg'%20viewBox='0%200%20100%20100'%3E%3C/svg%3E",
        "https://delante.pl/wp-content/uploads/2023/01/patelnie-logo-e1597052825421.png"
      ]
    },
    "fix_hint": "Używaj WebP/AVIF na stronie głównej dla lepszej wydajności. Możesz włączyć konwersję wtyczką lub przez serwer (np. mod_pagespeed, nginx)."
  },
  {
    "name": "faq",
    "status": "FAIL",
    "metrics": {
      "checked_urls": [
        "https://delante.pl/",
        "https://delante.pl/contact/"
      ],
      "faq_found": 0
    },
    "samples": {
      "faq_locations": []
    },
    "fix_hint": "Dodaj FAQ na stronie głównej lub /kontakt. Najlepiej wdrożyć FAQPage schema w JSON-LD."
  },
  {
    "name": "contact_form_under_post",
    "status": "FAIL",
    "metrics": {
      "checked_url": "https://delante.pl/jak-laczyc-talenty-gallupa-w-zespole/",
      "total_forms_found": 0,
      "contact_forms_detected": 0
    },
    "samples": {
      "contact_forms": []
    },
    "fix_hint": "Dodaj formularz kontaktowy pod blogpostem. Użyj etykiet typu Email, Wiadomość, aby było jasne dla użytkowników i botów."
  },
  {
    "name": "cache_headers",
    "status": "PASS",
    "metrics": {
      "headers_checked": [
        "x-cache",
        "x-cache-status",
        "cf-cache-status",
        "age",
        "x-litespeed-cache",
        "x-varnish"
      ],
      "headers_found": [
        "cf-cache-status"
      ]
    },
    "samples": {
      "cf-cache-status": "DYNAMIC"
    },
    "fix_hint": "Brak nagłówków cache sugeruje, że strona nie korzysta z cache na serwerze/CDN. Włącz caching (np. LiteSpeed Cache, WP Rocket, Cloudflare), aby przyspieszyć stronę."
  },
  {
    "name": "blog_exists",
    "status": "PASS",
    "metrics": {
      "found_links": 10
    },
    "samples": [
      {
        "href": "https://delante.pl/pisanie-bloga/",
        "text": "pisanie bloga"
      },
      {
        "href": "https://delante.pl/wdrozenie-bloga-wordpress/",
        "text": "wdrożenie bloga wordpress"
      },
      {
        "href": "#",
        "text": "najpopularniejsze artykuły"
      },
      {
        "href": "https://delante.pl/blog/",
        "text": "blog"
      },
      {
        "href": "https://delante.pl/aktualnosci-sem-1-sierpien-2025/",
        "text": "nowe konwersje i eksperymenty w google ads oraz reguły wartości w meta ads – aktualności sem – #1 sierpień 2025"
      },
      {
        "href": "https://delante.pl/blog/",
        "text": "czytaj wszystkie blogposty"
      },
      {
        "href": "https://delante.pl/blog/",
        "text": "blog"
      },
      {
        "href": "https://delante.pl/wdrozenie-bloga-wordpress/",
        "text": "stworzenie bloga na wordpressie"
      },
      {
        "href": "https://delante.pl/aktualnosci-sem-1-sierpien-2025/",
        "text": "nowe konwersje i eksperymenty w google ads oraz reguły wartości w meta ads – aktualności sem – #1 sierpień 2025"
      },
      {
        "href": "https://delante.pl/ai-news-genie-3/",
        "text": "genie 3. interaktywne światy tworzone przez ai od google – aktualności ai – #3 sierpień 2025"
      }
    ],
    "fix_hint": "Brak sekcji bloga — rozważ dodanie bloga (np. /blog/), aby zwiększyć widoczność w SEO i publikować treści wspierające słowa kluczowe."
  },
  {
    "name": "error_page_404",
    "status": "PASS",
    "metrics": {
      "http_status": 404,
      "found_hint": "404",
      "content_length": 84191
    },
    "samples": {
      "url_tested": "https://delante.pl/nonexistent-seo-audit-check-404-page",
      "title": "Page not found | Agencja SEO / SEM: Delante"
    },
    "fix_hint": "Upewnij się, że strona 404 ma własny layout, treść i komunikat dla użytkownika (np. 'Strona nie została znaleziona')."
  }
]